recipe_id,name,description,taste_bitterness,taste_sweetness,taste_acidity,taste_body,strength,portion_size_ml,preparation_time_minutes,difficulty,required_equipment,required_products,tags
recipe_espresso_000,Espresso,A concentrated shot of coffee with rich crema.,0.8,0.1,0.5,0.9,5,30,3,intermediate,"[""espresso_machine"", ""grinder""]","{""coffee_beans"": ""18g""}","[""hot"", ""classic"", ""high_caffeine"", ""quick""]"
recipe_double_espresso_001,Double Espresso,Two shots of espresso for an extra kick.,0.85,0.1,0.5,0.95,5,60,4,intermediate,"[""espresso_machine"", ""grinder""]","{""coffee_beans"": ""36g""}","[""hot"", ""classic"", ""high_caffeine""]"
recipe_americano_002,Americano,Espresso diluted with hot water for a lighter taste.,0.6,0.1,0.4,0.5,3,240,4,beginner,"[""espresso_machine"", ""grinder"", ""kettle""]","{""coffee_beans"": ""18g"", ""water"": ""200ml""}","[""hot"", ""classic"", ""quick""]"
recipe_long_black_003,Long Black,"Hot water with espresso poured on top, preserving crema.",0.65,0.1,0.45,0.55,4,200,4,intermediate,"[""espresso_machine"", ""grinder"", ""kettle""]","{""coffee_beans"": ""18g"", ""water"": ""170ml""}","[""hot"", ""classic""]"
recipe_cappuccino_004,Cappuccino,"Equal parts espresso, steamed milk, and foam.",0.5,0.3,0.3,0.7,3,180,5,intermediate,"[""espresso_machine"", ""grinder"", ""milk_frother""]","{""coffee_beans"": ""18g"", ""whole_milk"": ""120ml""}","[""hot"", ""classic""]"
recipe_latte_005,Latte,Espresso with lots of steamed milk and a thin layer of foam.,0.35,0.4,0.25,0.6,2,300,5,intermediate,"[""espresso_machine"", ""grinder"", ""milk_frother""]","{""coffee_beans"": ""18g"", ""whole_milk"": ""250ml""}","[""hot"", ""classic""]"
recipe_flat_white_006,Flat White,"Espresso with microfoam milk, stronger than a latte.",0.55,0.35,0.3,0.75,4,180,5,advanced,"[""espresso_machine"", ""grinder"", ""milk_frother""]","{""coffee_beans"": ""36g"", ""whole_milk"": ""130ml""}","[""hot"", ""specialty""]"
recipe_macchiato_007,Macchiato,Espresso marked with a dollop of foamed milk.,0.75,0.2,0.45,0.85,4,45,4,intermediate,"[""espresso_machine"", ""grinder"", ""milk_frother""]","{""coffee_beans"": ""18g"", ""whole_milk"": ""15ml""}","[""hot"", ""classic"", ""quick""]"
recipe_cortado_008,Cortado,Equal parts espresso and warm milk to cut the acidity.,0.6,0.3,0.3,0.7,4,120,4,intermediate,"[""espresso_machine"", ""grinder"", ""milk_frother""]","{""coffee_beans"": ""18g"", ""whole_milk"": ""60ml""}","[""hot"", ""specialty""]"
recipe_mocha_009,Mocha,"Espresso with chocolate and steamed milk, topped with whipped cream.",0.4,0.7,0.2,0.75,3,350,7,intermediate,"[""espresso_machine"", ""grinder"", ""milk_frother""]","{""coffee_beans"": ""18g"", ""whole_milk"": ""200ml"", ""chocolate_syrup"": ""30ml"", ""whipped_cream"": ""30g""}","[""hot"", ""classic""]"
recipe_vanilla_latte_010,Vanilla Latte,Classic latte sweetened with vanilla syrup.,0.3,0.6,0.2,0.55,2,350,6,intermediate,"[""espresso_machine"", ""grinder"", ""milk_frother""]","{""coffee_beans"": ""18g"", ""whole_milk"": ""280ml"", ""vanilla_syrup"": ""20ml""}","[""hot"", ""specialty""]"
recipe_caramel_macchiato_011,Caramel Macchiato,Vanilla-flavored milk marked with espresso and caramel drizzle.,0.35,0.75,0.2,0.6,2,350,7,intermediate,"[""espresso_machine"", ""grinder"", ""milk_frother""]","{""coffee_beans"": ""18g"", ""whole_milk"": ""280ml"", ""vanilla_syrup"": ""15ml"", ""caramel_syrup"": ""20ml""}","[""hot"", ""specialty""]"
recipe_hazelnut_latte_012,Hazelnut Latte,Latte with rich hazelnut flavor.,0.3,0.55,0.2,0.6,2,350,6,intermediate,"[""espresso_machine"", ""grinder"", ""milk_frother""]","{""coffee_beans"": ""18g"", ""whole_milk"": ""280ml"", ""hazelnut_syrup"": ""20ml""}","[""hot"", ""specialty""]"
recipe_white_chocolate_mocha_013,White Chocolate Mocha,Sweet mocha made with white chocolate sauce.,0.25,0.85,0.15,0.7,2,350,7,intermediate,"[""espresso_machine"", ""grinder"", ""milk_frother""]","{""coffee_beans"": ""18g"", ""whole_milk"": ""250ml"", ""vanilla_syrup"": ""40ml"", ""whipped_cream"": ""30g""}","[""hot"", ""specialty""]"
recipe_iced_americano_014,Iced Americano,Espresso poured over ice and cold water.,0.6,0.1,0.5,0.45,3,350,4,beginner,"[""espresso_machine"", ""grinder"", ""ice_maker""]","{""coffee_beans"": ""18g"", ""water"": ""200ml"", ""ice"": ""100g""}","[""iced"", ""classic"", ""quick""]"
recipe_iced_latte_015,Iced Latte,Espresso with cold milk over ice.,0.35,0.35,0.25,0.5,2,400,4,beginner,"[""espresso_machine"", ""grinder"", ""ice_maker""]","{""coffee_beans"": ""18g"", ""whole_milk"": ""250ml"", ""ice"": ""100g""}","[""iced"", ""classic""]"
recipe_cold_brew_016,Cold Brew,Coffee steeped in cold water for 12-24 hours.,0.5,0.2,0.3,0.6,4,350,1440,beginner,"[""cold_brew_maker"", ""grinder""]","{""coffee_beans"": ""100g"", ""water"": ""1000ml""}","[""iced"", ""specialty"", ""low_caffeine""]"
recipe_cold_brew_concentrate_017,Cold Brew Concentrate,Strong cold brew meant to be diluted.,0.7,0.15,0.35,0.85,5,100,1440,intermediate,"[""cold_brew_maker"", ""grinder""]","{""coffee_beans"": ""150g"", ""water"": ""500ml""}","[""iced"", ""specialty"", ""high_caffeine""]"
recipe_nitro_cold_brew_018,Nitro Cold Brew,Cold brew infused with nitrogen for a creamy texture.,0.45,0.25,0.25,0.7,4,350,1445,advanced,"[""cold_brew_maker"", ""grinder""]","{""coffee_beans"": ""100g"", ""water"": ""1000ml""}","[""iced"", ""specialty""]"
recipe_iced_mocha_019,Iced Mocha,Chocolate espresso drink served over ice.,0.35,0.7,0.2,0.6,3,400,5,beginner,"[""espresso_machine"", ""grinder"", ""ice_maker""]","{""coffee_beans"": ""18g"", ""whole_milk"": ""200ml"", ""chocolate_syrup"": ""30ml"", ""ice"": ""100g"", ""whipped_cream"": ""30g""}","[""iced"", ""classic""]"
recipe_iced_caramel_latte_020,Iced Caramel Latte,Sweet caramel latte served cold.,0.3,0.7,0.2,0.5,2,400,5,beginner,"[""espresso_machine"", ""grinder"", ""ice_maker""]","{""coffee_beans"": ""18g"", ""whole_milk"": ""250ml"", ""caramel_syrup"": ""30ml"", ""ice"": ""100g""}","[""iced"", ""specialty""]"
recipe_frappuccino_021,Frappuccino,Blended coffee drink with ice and milk.,0.3,0.6,0.2,0.4,2,450,5,beginner,"[""espresso_machine"", ""blender"", ""ice_maker""]","{""coffee_beans"": ""18g"", ""whole_milk"": ""150ml"", ""ice"": ""200g"", ""sugar"": ""20g"", ""whipped_cream"": ""30g""}","[""blended"", ""classic""]"
recipe_mocha_frappuccino_022,Mocha Frappuccino,Chocolate coffee blended drink.,0.3,0.75,0.15,0.5,2,450,6,beginner,"[""espresso_machine"", ""blender"", ""ice_maker""]","{""coffee_beans"": ""18g"", ""whole_milk"": ""150ml"", ""chocolate_syrup"": ""40ml"", ""ice"": ""200g"", ""whipped_cream"": ""30g""}","[""blended"", ""classic""]"
recipe_caramel_frappuccino_023,Caramel Frappuccino,Caramel-flavored blended coffee.,0.25,0.8,0.15,0.45,2,450,6,beginner,"[""espresso_machine"", ""blender"", ""ice_maker""]","{""coffee_beans"": ""18g"", ""whole_milk"": ""150ml"", ""caramel_syrup"": ""40ml"", ""ice"": ""200g"", ""whipped_cream"": ""30g""}","[""blended"", ""specialty""]"
recipe_french_press_coffee_024,French Press Coffee,Full-bodied coffee made with immersion brewing.,0.6,0.1,0.4,0.85,4,350,8,beginner,"[""french_press"", ""kettle""]","{""ground_coffee"": ""30g"", ""water"": ""400ml""}","[""hot"", ""classic""]"
recipe_pour_over_025,Pour Over,"Clean, bright coffee made with manual drip method.",0.5,0.15,0.7,0.5,3,300,6,intermediate,"[""pour_over"", ""grinder"", ""kettle"", ""scale""]","{""coffee_beans"": ""22g"", ""water"": ""350ml""}","[""hot"", ""specialty""]"
recipe_chemex_026,Chemex,Pour over with thick filter for exceptionally clean cup.,0.45,0.15,0.75,0.4,3,400,7,intermediate,"[""pour_over"", ""grinder"", ""kettle"", ""scale""]","{""coffee_beans"": ""30g"", ""water"": ""500ml""}","[""hot"", ""specialty""]"
recipe_aeropress_027,AeroPress,Versatile brewing method with smooth results.,0.55,0.15,0.5,0.65,4,200,4,intermediate,"[""aeropress"", ""grinder"", ""kettle"", ""scale""]","{""coffee_beans"": ""17g"", ""water"": ""220ml""}","[""hot"", ""specialty"", ""quick""]"
recipe_moka_pot_028,Moka Pot,Stovetop espresso-style strong coffee.,0.75,0.1,0.45,0.9,5,100,8,beginner,"[""moka_pot""]","{""ground_coffee"": ""20g"", ""water"": ""150ml""}","[""hot"", ""classic"", ""high_caffeine""]"
recipe_affogato_029,Affogato,Espresso poured over vanilla ice cream.,0.5,0.7,0.3,0.6,3,150,3,beginner,"[""espresso_machine"", ""grinder""]","{""coffee_beans"": ""18g"", ""vanilla_syrup"": ""60ml""}","[""specialty"", ""quick""]"
recipe_irish_coffee_030,Irish Coffee,Coffee with Irish whiskey and cream.,0.45,0.5,0.3,0.7,3,250,8,intermediate,"[""french_press"", ""grinder"", ""kettle""]","{""coffee_beans"": ""25g"", ""brown_sugar"": ""10g"", ""heavy_cream"": ""30ml""}","[""hot"", ""specialty"", ""seasonal""]"
recipe_pumpkin_spice_latte_031,Pumpkin Spice Latte,Fall favorite with pumpkin and warm spices.,0.25,0.75,0.2,0.6,2,400,8,intermediate,"[""espresso_machine"", ""grinder"", ""milk_frother""]","{""coffee_beans"": ""18g"", ""whole_milk"": ""280ml"", ""vanilla_syrup"": ""30ml"", ""cinnamon"": ""2g"", ""whipped_cream"": ""30g""}","[""hot"", ""seasonal"", ""specialty""]"
recipe_gingerbread_latte_032,Gingerbread Latte,Holiday latte with gingerbread flavoring.,0.25,0.7,0.2,0.55,2,400,8,intermediate,"[""espresso_machine"", ""grinder"", ""milk_frother""]","{""coffee_beans"": ""18g"", ""whole_milk"": ""280ml"", ""vanilla_syrup"": ""20ml"", ""cinnamon"": ""2g"", ""whipped_cream"": ""30g""}","[""hot"", ""seasonal"", ""specialty""]"
recipe_peppermint_mocha_033,Peppermint Mocha,Chocolate mocha with refreshing peppermint.,0.35,0.7,0.2,0.65,3,400,8,intermediate,"[""espresso_machine"", ""grinder"", ""milk_frother""]","{""coffee_beans"": ""18g"", ""whole_milk"": ""250ml"", ""chocolate_syrup"": ""30ml"", ""vanilla_syrup"": ""15ml"", ""whipped_cream"": ""30g""}","[""hot"", ""seasonal"", ""specialty""]"
recipe_oat_milk_latte_034,Oat Milk Latte,Creamy latte made with oat milk.,0.35,0.4,0.25,0.55,2,350,5,intermediate,"[""espresso_machine"", ""grinder"", ""milk_frother""]","{""coffee_beans"": ""18g"", ""oat_milk"": ""280ml""}","[""hot"", ""vegan"", ""specialty""]"
recipe_almond_milk_cappuccino_035,Almond Milk Cappuccino,Nutty cappuccino with almond milk.,0.5,0.3,0.35,0.6,3,200,6,advanced,"[""espresso_machine"", ""grinder"", ""milk_frother""]","{""coffee_beans"": ""18g"", ""almond_milk"": ""140ml""}","[""hot"", ""vegan"", ""specialty""]"
recipe_coconut_milk_iced_latte_036,Coconut Milk Iced Latte,Tropical twist on iced latte.,0.35,0.35,0.25,0.5,2,400,4,beginner,"[""espresso_machine"", ""grinder"", ""ice_maker""]","{""coffee_beans"": ""18g"", ""coconut_milk"": ""250ml"", ""ice"": ""100g""}","[""iced"", ""vegan"", ""specialty""]"
recipe_oat_milk_mocha_037,Oat Milk Mocha,Vegan chocolate coffee drink.,0.35,0.65,0.2,0.6,3,400,7,intermediate,"[""espresso_machine"", ""grinder"", ""milk_frother""]","{""coffee_beans"": ""18g"", ""oat_milk"": ""250ml"", ""chocolate_syrup"": ""30ml""}","[""hot"", ""vegan"", ""specialty""]"
recipe_dalgona_coffee_038,Dalgona Coffee,Whipped instant coffee over milk.,0.4,0.6,0.25,0.55,3,350,10,intermediate,"[""ice_maker""]","{""ground_coffee"": ""10g"", ""sugar"": ""10g"", ""water"": ""30ml"", ""whole_milk"": ""250ml"", ""ice"": ""100g""}","[""iced"", ""specialty""]"
recipe_red_eye_039,Red Eye,Drip coffee with a shot of espresso.,0.7,0.1,0.5,0.75,5,350,5,intermediate,"[""espresso_machine"", ""grinder"", ""pour_over"", ""kettle""]","{""coffee_beans"": ""40g"", ""water"": ""350ml""}","[""hot"", ""high_caffeine"", ""specialty""]"
recipe_black_eye_040,Black Eye,Drip coffee with two shots of espresso.,0.8,0.1,0.5,0.85,5,380,6,intermediate,"[""espresso_machine"", ""grinder"", ""pour_over"", ""kettle""]","{""coffee_beans"": ""58g"", ""water"": ""350ml""}","[""hot"", ""high_caffeine"", ""specialty""]"
recipe_vienna_coffee_041,Vienna Coffee,Strong coffee topped with whipped cream.,0.55,0.5,0.35,0.7,4,250,6,intermediate,"[""espresso_machine"", ""grinder""]","{""coffee_beans"": ""18g"", ""whipped_cream"": ""50g""}","[""hot"", ""classic"", ""specialty""]"
recipe_café_au_lait_042,Café au Lait,French-style coffee with hot milk.,0.4,0.35,0.3,0.55,2,300,6,beginner,"[""french_press"", ""grinder"", ""kettle""]","{""coffee_beans"": ""20g"", ""whole_milk"": ""150ml"", ""water"": ""150ml""}","[""hot"", ""classic""]"
recipe_honey_oat_latte_043,Honey Oat Latte,Oat milk latte sweetened with honey.,0.3,0.55,0.25,0.55,2,350,6,intermediate,"[""espresso_machine"", ""grinder"", ""milk_frother""]","{""coffee_beans"": ""18g"", ""oat_milk"": ""280ml"", ""honey"": ""15ml""}","[""hot"", ""vegan"", ""specialty""]"
recipe_cinnamon_dolce_latte_044,Cinnamon Dolce Latte,Latte with cinnamon and brown sugar.,0.3,0.65,0.2,0.55,2,350,7,intermediate,"[""espresso_machine"", ""grinder"", ""milk_frother""]","{""coffee_beans"": ""18g"", ""whole_milk"": ""280ml"", ""brown_sugar"": ""15g"", ""cinnamon"": ""2g"", ""whipped_cream"": ""20g""}","[""hot"", ""specialty""]"
recipe_shakerato_045,Shakerato,Italian shaken iced espresso.,0.65,0.3,0.45,0.6,4,120,4,intermediate,"[""espresso_machine"", ""grinder"", ""ice_maker""]","{""coffee_beans"": ""18g"", ""ice"": ""100g"", ""sugar"": ""10g""}","[""iced"", ""specialty"", ""quick""]"
recipe_espresso_con_panna_046,Espresso Con Panna,Espresso topped with whipped cream.,0.65,0.4,0.4,0.8,4,60,3,beginner,"[""espresso_machine"", ""grinder""]","{""coffee_beans"": ""18g"", ""whipped_cream"": ""30g""}","[""hot"", ""classic"", ""quick""]"
recipe_dirty_chai_latte_047,Dirty Chai Latte,Chai latte with a shot of espresso.,0.45,0.5,0.35,0.65,3,350,7,intermediate,"[""espresso_machine"", ""grinder"", ""milk_frother"", ""kettle""]","{""coffee_beans"": ""18g"", ""whole_milk"": ""250ml"", ""cinnamon"": ""3g""}","[""hot"", ""specialty""]"
recipe_black_eye_with_extra_shot_048,Black Eye with Extra Shot,A variation of Black Eye.,0.8152358539877216,0.048000794687975225,0.5375225597903228,0.8970282358195607,5,380,6,intermediate,"[""espresso_machine"", ""grinder"", ""pour_over"", ""kettle""]","{""coffee_beans"": ""58g"", ""water"": ""350ml""}","[""specialty"", ""high_caffeine"", ""hot""]"
recipe_double_espresso_sugar-free_049,Double Espresso Sugar-Free,A variation of Double Espresso.,0.7848910246568841,0.10639202015836427,0.4841878703828209,0.9491599421247855,5,60,4,intermediate,"[""espresso_machine"", ""grinder""]","{""coffee_beans"": ""36g""}","[""sugar_free"", ""high_caffeine"", ""classic"", ""hot""]"
recipe_cold_brew_concentrate_decaf_050,Cold Brew Concentrate Decaf,A variation of Cold Brew Concentrate.,0.7439698987431413,0.1888895967714474,0.35330153487806076,0.9063620603484016,4,100,1440,intermediate,"[""cold_brew_maker"", ""grinder""]","{""coffee_beans"": ""150g"", ""water"": ""500ml""}","[""iced"", ""low_caffeine"", ""specialty""]"
recipe_iced_americano_decaf_051,Iced Americano Decaf,A variation of Iced Americano.,0.557035376855838,0.11843753920412495,0.45205586995855007,0.49392251506536367,2,350,4,beginner,"[""espresso_machine"", ""grinder"", ""ice_maker""]","{""coffee_beans"": ""18g"", ""water"": ""200ml"", ""ice"": ""100g""}","[""iced"", ""low_caffeine"", ""quick"", ""classic""]"
recipe_dirty_chai_latte_with_extra_shot_052,Dirty Chai Latte with Extra Shot,A variation of Dirty Chai Latte.,0.440756881822737,0.46595352277980295,0.4111270669337015,0.64227352589656,4,350,7,intermediate,"[""espresso_machine"", ""grinder"", ""milk_frother"", ""kettle""]","{""coffee_beans"": ""18g"", ""whole_milk"": ""250ml"", ""cinnamon"": ""3g""}","[""specialty"", ""hot""]"
recipe_honey_oat_latte_sugar-free_053,Honey Oat Latte Sugar-Free,A variation of Honey Oat Latte.,0.2823933224755885,0.5766154592776674,0.26827220321820394,0.5706366305797994,2,350,6,intermediate,"[""espresso_machine"", ""grinder"", ""milk_frother""]","{""coffee_beans"": ""18g"", ""oat_milk"": ""280ml"", ""honey"": ""15ml""}","[""specialty"", ""sugar_free"", ""vegan"", ""hot""]"
recipe_oat_milk_latte_with_extra_shot_054,Oat Milk Latte with Extra Shot,A variation of Oat Milk Latte.,0.45708238004352303,0.37967924918076923,0.22438786354642312,0.5093113635876062,3,350,5,intermediate,"[""espresso_machine"", ""grinder"", ""milk_frother""]","{""coffee_beans"": ""18g"", ""oat_milk"": ""280ml""}","[""specialty"", ""vegan"", ""hot""]"
recipe_oat_milk_mocha_small_055,Oat Milk Mocha Small,A variation of Oat Milk Mocha.,0.40644861463604454,0.6443026271172563,0.1579921761518736,0.558775939215438,3,240,7,intermediate,"[""espresso_machine"", ""grinder"", ""milk_frother""]","{""coffee_beans"": ""18g"", ""oat_milk"": ""250ml"", ""chocolate_syrup"": ""30ml""}","[""specialty"", ""vegan"", ""hot""]"
recipe_americano_with_extra_shot_056,Americano with Extra Shot,A variation of Americano.,0.6371627085601721,0.12715771341525975,0.3667245146355653,0.511608066153336,4,240,4,beginner,"[""espresso_machine"", ""grinder"", ""kettle""]","{""coffee_beans"": ""18g"", ""water"": ""200ml""}","[""quick"", ""classic"", ""hot""]"
recipe_latte_decaf_057,Latte Decaf,A variation of Latte.,0.36093442983645063,0.4435714388974095,0.2611797774387341,0.6339456781535947,1,300,5,intermediate,"[""espresso_machine"", ""grinder"", ""milk_frother""]","{""coffee_beans"": ""18g"", ""whole_milk"": ""250ml""}","[""low_caffeine"", ""classic"", ""hot""]"
recipe_iced_americano_with_cinnamon_058,Iced Americano with Cinnamon,A variation of Iced Americano.,0.6144559699344991,0.13156441129192703,0.42714220900721667,0.43401643918213495,3,350,4,beginner,"[""espresso_machine"", ""grinder"", ""ice_maker""]","{""coffee_beans"": ""18g"", ""water"": ""200ml"", ""ice"": ""100g"", ""cinnamon"": ""2g""}","[""iced"", ""quick"", ""classic""]"
recipe_dalgona_coffee_with_extra_shot_059,Dalgona Coffee with Extra Shot,A variation of Dalgona Coffee.,0.3680561075878329,0.5862428874386658,0.3247470655617198,0.5067084442153379,4,350,10,intermediate,"[""ice_maker""]","{""ground_coffee"": ""10g"", ""sugar"": ""10g"", ""water"": ""30ml"", ""whole_milk"": ""250ml"", ""ice"": ""100g""}","[""iced"", ""specialty""]"
recipe_almond_milk_cappuccino_decaf_060,Almond Milk Cappuccino Decaf,A variation of Almond Milk Cappuccino.,0.41585651141920976,0.2832557485007112,0.35813765325525027,0.6293111165679639,2,200,6,advanced,"[""espresso_machine"", ""grinder"", ""milk_frother""]","{""coffee_beans"": ""18g"", ""almond_milk"": ""140ml""}","[""specialty"", ""low_caffeine"", ""vegan"", ""hot""]"
recipe_shakerato_sugar-free_061,Shakerato Sugar-Free,A variation of Shakerato.,0.6896673617599963,0.2825637463875781,0.42688241036677166,0.6428987940628577,4,120,4,intermediate,"[""espresso_machine"", ""grinder"", ""ice_maker""]","{""coffee_beans"": ""18g"", ""ice"": ""100g"", ""sugar"": ""10g""}","[""iced"", ""sugar_free"", ""quick"", ""specialty""]"
recipe_cinnamon_dolce_latte_with_cinnamon_062,Cinnamon Dolce Latte with Cinnamon,A variation of Cinnamon Dolce Latte.,0.23621568383310387,0.593335639299826,0.15402738569991944,0.5748580372026882,2,350,7,intermediate,"[""espresso_machine"", ""grinder"", ""milk_frother""]","{""coffee_beans"": ""18g"", ""whole_milk"": ""280ml"", ""brown_sugar"": ""15g"", ""cinnamon"": ""2g"", ""whipped_cream"": ""20g""}","[""specialty"", ""hot""]"
recipe_chemex_decaf_063,Chemex Decaf,A variation of Chemex.,0.4845242677033884,0.12863736768317327,0.7579269845538357,0.43127951969836686,2,400,7,intermediate,"[""pour_over"", ""grinder"", ""kettle"", ""scale""]","{""coffee_beans"": ""30g"", ""water"": ""500ml""}","[""specialty"", ""low_caffeine"", ""hot""]"
recipe_moka_pot_with_cinnamon_064,Moka Pot with Cinnamon,A variation of Moka Pot.,0.7728387618778706,0.06690370294666745,0.4318473076717464,0.8809131053000836,5,100,8,beginner,"[""moka_pot""]","{""ground_coffee"": ""20g"", ""water"": ""150ml"", ""cinnamon"": ""2g""}","[""high_caffeine"", ""classic"", ""hot""]"
recipe_cold_brew_concentrate_with_extra_shot_065,Cold Brew Concentrate with Extra Shot,A variation of Cold Brew Concentrate.,0.724348624039279,0.12652988298986378,0.35062470593638434,0.8740373329452954,5,100,1440,intermediate,"[""cold_brew_maker"", ""grinder""]","{""coffee_beans"": ""150g"", ""water"": ""500ml""}","[""iced"", ""high_caffeine"", ""specialty""]"
recipe_vanilla_latte_sugar-free_066,Vanilla Latte Sugar-Free,A variation of Vanilla Latte.,0.3332692554486393,0.5950757257745288,0.17883508439779233,0.5460140894546801,2,350,6,intermediate,"[""espresso_machine"", ""grinder"", ""milk_frother""]","{""coffee_beans"": ""18g"", ""whole_milk"": ""280ml"", ""vanilla_syrup"": ""20ml""}","[""specialty"", ""sugar_free"", ""hot""]"
recipe_aeropress_large_067,AeroPress Large,A variation of AeroPress.,0.47764437637884566,0.08386501938227987,0.45013765861992594,0.6699887113361719,4,300,4,intermediate,"[""aeropress"", ""grinder"", ""kettle"", ""scale""]","{""coffee_beans"": ""17g"", ""water"": ""220ml""}","[""specialty"", ""quick"", ""hot""]"
recipe_white_chocolate_mocha_large_068,White Chocolate Mocha Large,A variation of White Chocolate Mocha.,0.23109187229803052,0.9149614148893033,0.1321868014469287,0.7368757784233543,2,525,7,intermediate,"[""espresso_machine"", ""grinder"", ""milk_frother""]","{""coffee_beans"": ""18g"", ""whole_milk"": ""250ml"", ""vanilla_syrup"": ""40ml"", ""whipped_cream"": ""30g""}","[""specialty"", ""hot""]"
recipe_flat_white_with_extra_shot_069,Flat White with Extra Shot,A variation of Flat White.,0.5397281221066186,0.30249889725447093,0.2830483462049719,0.7920154068728698,5,180,5,advanced,"[""espresso_machine"", ""grinder"", ""milk_frother""]","{""coffee_beans"": ""36g"", ""whole_milk"": ""130ml""}","[""specialty"", ""hot""]"
recipe_french_press_coffee_with_extra_shot_070,French Press Coffee with Extra Shot,A variation of French Press Coffee.,0.6217211821772929,0.1118867801166139,0.3702925022151603,0.7776971072805773,5,350,8,beginner,"[""french_press"", ""kettle""]","{""ground_coffee"": ""30g"", ""water"": ""400ml""}","[""classic"", ""hot""]"
recipe_mocha_frappuccino_large_071,Mocha Frappuccino Large,A variation of Mocha Frappuccino.,0.27352536454680987,0.7616338105677352,0.15109260727617213,0.5800889445660458,2,675,6,beginner,"[""espresso_machine"", ""blender"", ""ice_maker""]","{""coffee_beans"": ""18g"", ""whole_milk"": ""150ml"", ""chocolate_syrup"": ""40ml"", ""ice"": ""200g"", ""whipped_cream"": ""30g""}","[""blended"", ""classic""]"
recipe_dalgona_coffee_large_072,Dalgona Coffee Large,A variation of Dalgona Coffee.,0.34882512536890675,0.6089637817478157,0.26099983419858824,0.6179593787620219,3,525,10,intermediate,"[""ice_maker""]","{""ground_coffee"": ""10g"", ""sugar"": ""10g"", ""water"": ""30ml"", ""whole_milk"": ""250ml"", ""ice"": ""100g""}","[""iced"", ""specialty""]"
recipe_americano_sugar-free_073,Americano Sugar-Free,A variation of Americano.,0.6178435529574754,0.1731651445609781,0.34056184728385747,0.4680124233625126,3,240,4,beginner,"[""espresso_machine"", ""grinder"", ""kettle""]","{""coffee_beans"": ""18g"", ""water"": ""200ml""}","[""sugar_free"", ""quick"", ""classic"", ""hot""]"
recipe_affogato_with_cinnamon_074,Affogato with Cinnamon,A variation of Affogato.,0.4805095098422116,0.6311656926221845,0.3317575473407202,0.5888888651450613,3,150,3,beginner,"[""espresso_machine"", ""grinder""]","{""coffee_beans"": ""18g"", ""vanilla_syrup"": ""60ml"", ""cinnamon"": ""2g""}","[""specialty"", ""quick""]"
recipe_macchiato_small_075,Macchiato Small,A variation of Macchiato.,0.6992210459396229,0.21567569237250978,0.49190632839471904,0.9498365445845893,4,27,4,intermediate,"[""espresso_machine"", ""grinder"", ""milk_frother""]","{""coffee_beans"": ""18g"", ""whole_milk"": ""15ml""}","[""quick"", ""classic"", ""hot""]"
recipe_latte_with_cinnamon_076,Latte with Cinnamon,A variation of Latte.,0.3707204716637998,0.3505230939984068,0.14339768596343455,0.6133855731171918,2,300,5,intermediate,"[""espresso_machine"", ""grinder"", ""milk_frother""]","{""coffee_beans"": ""18g"", ""whole_milk"": ""250ml"", ""cinnamon"": ""2g""}","[""classic"", ""hot""]"
recipe_nitro_cold_brew_sugar-free_077,Nitro Cold Brew Sugar-Free,A variation of Nitro Cold Brew.,0.42923213699101576,0.2193951600470096,0.24296045567918073,0.7532990115393822,4,350,1445,advanced,"[""cold_brew_maker"", ""grinder""]","{""coffee_beans"": ""100g"", ""water"": ""1000ml""}","[""iced"", ""sugar_free"", ""specialty""]"
recipe_red_eye_large_078,Red Eye Large,A variation of Red Eye.,0.6920682581480655,0.04821731235870942,0.4162658527647821,0.7256846045463334,5,525,5,intermediate,"[""espresso_machine"", ""grinder"", ""pour_over"", ""kettle""]","{""coffee_beans"": ""40g"", ""water"": ""350ml""}","[""specialty"", ""high_caffeine"", ""hot""]"
recipe_coconut_milk_iced_latte_decaf_079,Coconut Milk Iced Latte Decaf,A variation of Coconut Milk Iced Latte.,0.36403433834757126,0.43839649567899414,0.2565137260736443,0.5491369755511529,1,400,4,beginner,"[""espresso_machine"", ""grinder"", ""ice_maker""]","{""coffee_beans"": ""18g"", ""coconut_milk"": ""250ml"", ""ice"": ""100g""}","[""iced"", ""low_caffeine"", ""vegan"", ""specialty""]"
recipe_shakerato_with_extra_shot_080,Shakerato with Extra Shot,A variation of Shakerato.,0.5907528116791488,0.2517441618883814,0.41373869677321234,0.7064234866217582,5,120,4,intermediate,"[""espresso_machine"", ""grinder"", ""ice_maker""]","{""coffee_beans"": ""18g"", ""ice"": ""100g"", ""sugar"": ""10g""}","[""iced"", ""quick"", ""specialty""]"
recipe_iced_americano_large_081,Iced Americano Large,A variation of Iced Americano.,0.6419244601868173,0.054853641095648685,0.5465786506437122,0.4692475483052932,3,525,4,beginner,"[""espresso_machine"", ""grinder"", ""ice_maker""]","{""coffee_beans"": ""18g"", ""water"": ""200ml"", ""ice"": ""100g""}","[""iced"", ""quick"", ""classic""]"
recipe_flat_white_small_082,Flat White Small,A variation of Flat White.,0.5479618736932284,0.31726061522853044,0.322303610074104,0.727250825982961,4,108,5,advanced,"[""espresso_machine"", ""grinder"", ""milk_frother""]","{""coffee_beans"": ""36g"", ""whole_milk"": ""130ml""}","[""specialty"", ""hot""]"
recipe_cold_brew_concentrate_small_083,Cold Brew Concentrate Small,A variation of Cold Brew Concentrate.,0.636103121284019,0.15862939588610597,0.42895456282052175,0.8579995806786719,5,60,1440,intermediate,"[""cold_brew_maker"", ""grinder""]","{""coffee_beans"": ""150g"", ""water"": ""500ml""}","[""iced"", ""high_caffeine"", ""specialty""]"
recipe_black_eye_large_084,Black Eye Large,A variation of Black Eye.,0.8142913069801272,0.16530008708534125,0.5109691250681928,0.8294536384583131,5,570,6,intermediate,"[""espresso_machine"", ""grinder"", ""pour_over"", ""kettle""]","{""coffee_beans"": ""58g"", ""water"": ""350ml""}","[""specialty"", ""high_caffeine"", ""hot""]"
recipe_vanilla_latte_large_085,Vanilla Latte Large,A variation of Vanilla Latte.,0.3214378219230807,0.6767877995997996,0.20916172186109533,0.488776548413975,2,525,6,intermediate,"[""espresso_machine"", ""grinder"", ""milk_frother""]","{""coffee_beans"": ""18g"", ""whole_milk"": ""280ml"", ""vanilla_syrup"": ""20ml""}","[""specialty"", ""hot""]"
recipe_mocha_frappuccino_decaf_086,Mocha Frappuccino Decaf,A variation of Mocha Frappuccino.,0.3825463966115625,0.8361832860391649,0.14102403933586996,0.4808406339432006,1,450,6,beginner,"[""espresso_machine"", ""blender"", ""ice_maker""]","{""coffee_beans"": ""18g"", ""whole_milk"": ""150ml"", ""chocolate_syrup"": ""40ml"", ""ice"": ""200g"", ""whipped_cream"": ""30g""}","[""blended"", ""low_caffeine"", ""classic""]"
recipe_café_au_lait_large_087,Café au Lait Large,A variation of Café au Lait.,0.3446477158978256,0.30526364905220865,0.3321663397344522,0.5302697438570205,2,450,6,beginner,"[""french_press"", ""grinder"", ""kettle""]","{""coffee_beans"": ""20g"", ""whole_milk"": ""150ml"", ""water"": ""150ml""}","[""classic"", ""hot""]"
recipe_cinnamon_dolce_latte_sugar-free_088,Cinnamon Dolce Latte Sugar-Free,A variation of Cinnamon Dolce Latte.,0.29182785507377434,0.6668787274399467,0.2703740930656858,0.5545292453450873,2,350,7,intermediate,"[""espresso_machine"", ""grinder"", ""milk_frother""]","{""coffee_beans"": ""18g"", ""whole_milk"": ""280ml"", ""brown_sugar"": ""15g"", ""cinnamon"": ""2g"", ""whipped_cream"": ""20g""}","[""specialty"", ""sugar_free"", ""hot""]"
recipe_vienna_coffee_with_extra_shot_089,Vienna Coffee with Extra Shot,A variation of Vienna Coffee.,0.4474913949484489,0.4975640799034941,0.3078384864853564,0.6390593469788186,5,250,6,intermediate,"[""espresso_machine"", ""grinder""]","{""coffee_beans"": ""18g"", ""whipped_cream"": ""50g""}","[""specialty"", ""classic"", ""hot""]"
recipe_dalgona_coffee_sugar-free_090,Dalgona Coffee Sugar-Free,A variation of Dalgona Coffee.,0.3832938279649594,0.6457951271178006,0.1836803641130218,0.5515315746297209,3,350,10,intermediate,"[""ice_maker""]","{""ground_coffee"": ""10g"", ""sugar"": ""10g"", ""water"": ""30ml"", ""whole_milk"": ""250ml"", ""ice"": ""100g""}","[""iced"", ""sugar_free"", ""specialty""]"
recipe_vanilla_latte_with_cinnamon_091,Vanilla Latte with Cinnamon,A variation of Vanilla Latte.,0.3244257093724632,0.575791528333321,0.18361634528190196,0.6001378912652302,2,350,6,intermediate,"[""espresso_machine"", ""grinder"", ""milk_frother""]","{""coffee_beans"": ""18g"", ""whole_milk"": ""280ml"", ""vanilla_syrup"": ""20ml"", ""cinnamon"": ""2g""}","[""specialty"", ""hot""]"
recipe_espresso_con_panna_decaf_092,Espresso Con Panna Decaf,A variation of Espresso Con Panna.,0.7168699053721372,0.392274716037505,0.36520286941646485,0.788807059155975,3,60,3,beginner,"[""espresso_machine"", ""grinder""]","{""coffee_beans"": ""18g"", ""whipped_cream"": ""30g""}","[""low_caffeine"", ""quick"", ""classic"", ""hot""]"
recipe_vanilla_latte_small_093,Vanilla Latte Small,A variation of Vanilla Latte.,0.30882866792268554,0.5457805963883317,0.20452448908139373,0.5614114165069453,2,210,6,intermediate,"[""espresso_machine"", ""grinder"", ""milk_frother""]","{""coffee_beans"": ""18g"", ""whole_milk"": ""280ml"", ""vanilla_syrup"": ""20ml""}","[""specialty"", ""hot""]"
recipe_french_press_coffee_large_094,French Press Coffee Large,A variation of French Press Coffee.,0.6938422305640835,0.057337832472059,0.3856308319225412,0.7768278999081498,4,525,8,beginner,"[""french_press"", ""kettle""]","{""ground_coffee"": ""30g"", ""water"": ""400ml""}","[""classic"", ""hot""]"
recipe_black_eye_sugar-free_095,Black Eye Sugar-Free,A variation of Black Eye.,0.815780250179517,0.1602926810444117,0.4635458081128196,0.8172926779966101,5,380,6,intermediate,"[""espresso_machine"", ""grinder"", ""pour_over"", ""kettle""]","{""coffee_beans"": ""58g"", ""water"": ""350ml""}","[""specialty"", ""sugar_free"", ""high_caffeine"", ""hot""]"
recipe_honey_oat_latte_large_096,Honey Oat Latte Large,A variation of Honey Oat Latte.,0.2918667039727546,0.49687927940702187,0.2235280286316963,0.5061569610916207,2,525,6,intermediate,"[""espresso_machine"", ""grinder"", ""milk_frother""]","{""coffee_beans"": ""18g"", ""oat_milk"": ""280ml"", ""honey"": ""15ml""}","[""specialty"", ""vegan"", ""hot""]"
recipe_long_black_decaf_097,Long Black Decaf,A variation of Long Black.,0.5621135804321684,0.02664773773045047,0.5564623556014149,0.4856288709362985,3,200,4,intermediate,"[""espresso_machine"", ""grinder"", ""kettle""]","{""coffee_beans"": ""18g"", ""water"": ""170ml""}","[""low_caffeine"", ""classic"", ""hot""]"
recipe_americano_large_098,Americano Large,A variation of Americano.,0.6918456764160656,0.24525335846202034,0.3414216685587329,0.48158755216059845,3,360,4,beginner,"[""espresso_machine"", ""grinder"", ""kettle""]","{""coffee_beans"": ""18g"", ""water"": ""200ml""}","[""quick"", ""classic"", ""hot""]"
recipe_pour_over_large_099,Pour Over Large,A variation of Pour Over.,0.5864348822202796,0.10065714607858811,0.6877361077028945,0.5388668788030873,3,450,6,intermediate,"[""pour_over"", ""grinder"", ""kettle"", ""scale""]","{""coffee_beans"": ""22g"", ""water"": ""350ml""}","[""specialty"", ""hot""]"
recipe_cappuccino_decaf_100,Cappuccino Decaf,A variation of Cappuccino.,0.48119219643849503,0.2933088517741979,0.2312552095815009,0.6880913128012667,2,180,5,intermediate,"[""espresso_machine"", ""grinder"", ""milk_frother""]","{""coffee_beans"": ""18g"", ""whole_milk"": ""120ml""}","[""low_caffeine"", ""classic"", ""hot""]"
recipe_coconut_milk_iced_latte_sugar-free_101,Coconut Milk Iced Latte Sugar-Free,A variation of Coconut Milk Iced Latte.,0.36160849448131277,0.32223363905904917,0.2735769261272569,0.5506357908909915,2,400,4,beginner,"[""espresso_machine"", ""grinder"", ""ice_maker""]","{""coffee_beans"": ""18g"", ""coconut_milk"": ""250ml"", ""ice"": ""100g""}","[""iced"", ""sugar_free"", ""vegan"", ""specialty""]"
recipe_iced_caramel_latte_decaf_102,Iced Caramel Latte Decaf,A variation of Iced Caramel Latte.,0.31758782041996014,0.7026577673788933,0.20000421965457071,0.46392209832285763,1,400,5,beginner,"[""espresso_machine"", ""grinder"", ""ice_maker""]","{""coffee_beans"": ""18g"", ""whole_milk"": ""250ml"", ""caramel_syrup"": ""30ml"", ""ice"": ""100g""}","[""iced"", ""low_caffeine"", ""specialty""]"
recipe_vienna_coffee_small_103,Vienna Coffee Small,A variation of Vienna Coffee.,0.5451356700793256,0.6046584154465298,0.4286677451237621,0.719292327627825,4,150,6,intermediate,"[""espresso_machine"", ""grinder""]","{""coffee_beans"": ""18g"", ""whipped_cream"": ""50g""}","[""specialty"", ""classic"", ""hot""]"
recipe_pour_over_sugar-free_104,Pour Over Sugar-Free,A variation of Pour Over.,0.4443794264008291,0.20955714765444325,0.7131374612573569,0.5240071701695805,3,300,6,intermediate,"[""pour_over"", ""grinder"", ""kettle"", ""scale""]","{""coffee_beans"": ""22g"", ""water"": ""350ml""}","[""specialty"", ""sugar_free"", ""hot""]"
recipe_affogato_decaf_105,Affogato Decaf,A variation of Affogato.,0.546371924077909,0.7227210169107181,0.2444784657792761,0.5764237596275026,2,150,3,beginner,"[""espresso_machine"", ""grinder""]","{""coffee_beans"": ""18g"", ""vanilla_syrup"": ""60ml""}","[""specialty"", ""low_caffeine"", ""quick""]"
recipe_cold_brew_decaf_106,Cold Brew Decaf,A variation of Cold Brew.,0.5026233399178122,0.18539144070982227,0.29482558659670194,0.5874011310896557,3,350,1440,beginner,"[""cold_brew_maker"", ""grinder""]","{""coffee_beans"": ""100g"", ""water"": ""1000ml""}","[""iced"", ""low_caffeine"", ""specialty""]"
recipe_iced_latte_sugar-free_107,Iced Latte Sugar-Free,A variation of Iced Latte.,0.42357459864965785,0.2216670779534351,0.2381574867745158,0.5088256210686224,2,400,4,beginner,"[""espresso_machine"", ""grinder"", ""ice_maker""]","{""coffee_beans"": ""18g"", ""whole_milk"": ""250ml"", ""ice"": ""100g""}","[""iced"", ""sugar_free"", ""classic""]"
recipe_almond_milk_cappuccino_with_cinnamon_108,Almond Milk Cappuccino with Cinnamon,A variation of Almond Milk Cappuccino.,0.4814042709339355,0.21216391087607084,0.36639977418570546,0.6863675107082092,3,200,6,advanced,"[""espresso_machine"", ""grinder"", ""milk_frother""]","{""coffee_beans"": ""18g"", ""almond_milk"": ""140ml"", ""cinnamon"": ""2g""}","[""specialty"", ""vegan"", ""hot""]"
recipe_cold_brew_sugar-free_109,Cold Brew Sugar-Free,A variation of Cold Brew.,0.5431914006849095,0.1835737388438553,0.29693378270855764,0.5473550744648026,4,350,1440,beginner,"[""cold_brew_maker"", ""grinder""]","{""coffee_beans"": ""100g"", ""water"": ""1000ml""}","[""iced"", ""low_caffeine"", ""sugar_free"", ""specialty""]"
recipe_caramel_frappuccino_decaf_110,Caramel Frappuccino Decaf,A variation of Caramel Frappuccino.,0.31500222973494796,0.8291327620993854,0.2366155802704972,0.5088705944488847,1,450,6,beginner,"[""espresso_machine"", ""blender"", ""ice_maker""]","{""coffee_beans"": ""18g"", ""whole_milk"": ""150ml"", ""caramel_syrup"": ""40ml"", ""ice"": ""200g"", ""whipped_cream"": ""30g""}","[""blended"", ""low_caffeine"", ""specialty""]"
recipe_cortado_with_cinnamon_111,Cortado with Cinnamon,A variation of Cortado.,0.6871967263083896,0.32194965793691493,0.3413994088398529,0.6851714523232645,4,120,4,intermediate,"[""espresso_machine"", ""grinder"", ""milk_frother""]","{""coffee_beans"": ""18g"", ""whole_milk"": ""60ml"", ""cinnamon"": ""2g""}","[""specialty"", ""hot""]"
recipe_pumpkin_spice_latte_with_extra_shot_112,Pumpkin Spice Latte with Extra Shot,A variation of Pumpkin Spice Latte.,0.21512880883498614,0.7994791967297427,0.14108481884425672,0.639117517120883,3,400,8,intermediate,"[""espresso_machine"", ""grinder"", ""milk_frother""]","{""coffee_beans"": ""18g"", ""whole_milk"": ""280ml"", ""vanilla_syrup"": ""30ml"", ""cinnamon"": ""2g"", ""whipped_cream"": ""30g""}","[""specialty"", ""seasonal"", ""hot""]"
recipe_long_black_with_extra_shot_113,Long Black with Extra Shot,A variation of Long Black.,0.6535198760614999,0.158562354673366,0.487543449436563,0.6410323078823401,5,200,4,intermediate,"[""espresso_machine"", ""grinder"", ""kettle""]","{""coffee_beans"": ""18g"", ""water"": ""170ml""}","[""classic"", ""hot""]"
recipe_mocha_sugar-free_114,Mocha Sugar-Free,A variation of Mocha.,0.321397987217338,0.6966523413550899,0.1413996403702592,0.7240860078816863,3,350,7,intermediate,"[""espresso_machine"", ""grinder"", ""milk_frother""]","{""coffee_beans"": ""18g"", ""whole_milk"": ""200ml"", ""chocolate_syrup"": ""30ml"", ""whipped_cream"": ""30g""}","[""sugar_free"", ""classic"", ""hot""]"
recipe_aeropress_with_cinnamon_115,AeroPress with Cinnamon,A variation of AeroPress.,0.5818766905448849,0.11505347857106268,0.44931413167798007,0.651639104643813,4,200,4,intermediate,"[""aeropress"", ""grinder"", ""kettle"", ""scale""]","{""coffee_beans"": ""17g"", ""water"": ""220ml"", ""cinnamon"": ""2g""}","[""specialty"", ""quick"", ""hot""]"
recipe_cappuccino_small_116,Cappuccino Small,A variation of Cappuccino.,0.46644298613017093,0.31560047357756216,0.3577656018053348,0.7304380736112219,3,108,5,intermediate,"[""espresso_machine"", ""grinder"", ""milk_frother""]","{""coffee_beans"": ""18g"", ""whole_milk"": ""120ml""}","[""classic"", ""hot""]"
recipe_french_press_coffee_with_cinnamon_117,French Press Coffee with Cinnamon,A variation of French Press Coffee.,0.6152183364515129,0.10360167866162891,0.4206945142686347,0.9308104840825604,4,350,8,beginner,"[""french_press"", ""kettle""]","{""ground_coffee"": ""30g"", ""water"": ""400ml"", ""cinnamon"": ""2g""}","[""classic"", ""hot""]"
recipe_cold_brew_with_cinnamon_118,Cold Brew with Cinnamon,A variation of Cold Brew.,0.47044482874044474,0.22954531613966775,0.22092028002730285,0.6737974524026754,4,350,1440,beginner,"[""cold_brew_maker"", ""grinder""]","{""coffee_beans"": ""100g"", ""water"": ""1000ml"", ""cinnamon"": ""2g""}","[""iced"", ""low_caffeine"", ""specialty""]"
recipe_espresso_sugar-free_119,Espresso Sugar-Free,A variation of Espresso.,0.8423291992921702,0.07145281692391028,0.5406881844983106,0.953423577799452,5,30,3,intermediate,"[""espresso_machine"", ""grinder""]","{""coffee_beans"": ""18g""}","[""high_caffeine"", ""sugar_free"", ""quick"", ""classic"", ""hot""]"
recipe_espresso_con_panna_with_extra_shot_120,Espresso Con Panna with Extra Shot,A variation of Espresso Con Panna.,0.6617200446349348,0.41351716196408633,0.35683273676303096,0.7926235659879824,5,60,3,beginner,"[""espresso_machine"", ""grinder""]","{""coffee_beans"": ""18g"", ""whipped_cream"": ""30g""}","[""quick"", ""classic"", ""hot""]"
recipe_honey_oat_latte_with_cinnamon_121,Honey Oat Latte with Cinnamon,A variation of Honey Oat Latte.,0.31916969321767474,0.5999912123455148,0.19707319590107952,0.5437495484840211,2,350,6,intermediate,"[""espresso_machine"", ""grinder"", ""milk_frother""]","{""coffee_beans"": ""18g"", ""oat_milk"": ""280ml"", ""honey"": ""15ml"", ""cinnamon"": ""2g""}","[""specialty"", ""vegan"", ""hot""]"
recipe_cold_brew_concentrate_sugar-free_122,Cold Brew Concentrate Sugar-Free,A variation of Cold Brew Concentrate.,0.6628205885593718,0.10888749913548398,0.3601153095915597,0.892219259524266,5,100,1440,intermediate,"[""cold_brew_maker"", ""grinder""]","{""coffee_beans"": ""150g"", ""water"": ""500ml""}","[""iced"", ""sugar_free"", ""high_caffeine"", ""specialty""]"
recipe_frappuccino_with_extra_shot_123,Frappuccino with Extra Shot,A variation of Frappuccino.,0.36644802952184946,0.6428396991283263,0.24209100334450312,0.4277058250662047,3,450,5,beginner,"[""espresso_machine"", ""blender"", ""ice_maker""]","{""coffee_beans"": ""18g"", ""whole_milk"": ""150ml"", ""ice"": ""200g"", ""sugar"": ""20g"", ""whipped_cream"": ""30g""}","[""blended"", ""classic""]"
recipe_nitro_cold_brew_small_124,Nitro Cold Brew Small,A variation of Nitro Cold Brew.,0.4397419155566978,0.1498238853966743,0.33021271807585706,0.6771150284521587,4,210,1445,advanced,"[""cold_brew_maker"", ""grinder""]","{""coffee_beans"": ""100g"", ""water"": ""1000ml""}","[""iced"", ""specialty""]"
recipe_espresso_con_panna_large_125,Espresso Con Panna Large,A variation of Espresso Con Panna.,0.7154775342430264,0.31988702294705373,0.33741763929469304,0.7199361031440573,4,90,3,beginner,"[""espresso_machine"", ""grinder""]","{""coffee_beans"": ""18g"", ""whipped_cream"": ""30g""}","[""quick"", ""classic"", ""hot""]"
recipe_gingerbread_latte_decaf_126,Gingerbread Latte Decaf,A variation of Gingerbread Latte.,0.27198183030084966,0.7262093921406385,0.2138137089664277,0.47936170580538173,1,400,8,intermediate,"[""espresso_machine"", ""grinder"", ""milk_frother""]","{""coffee_beans"": ""18g"", ""whole_milk"": ""280ml"", ""vanilla_syrup"": ""20ml"", ""cinnamon"": ""2g"", ""whipped_cream"": ""30g""}","[""specialty"", ""low_caffeine"", ""seasonal"", ""hot""]"
recipe_gingerbread_latte_with_extra_shot_127,Gingerbread Latte with Extra Shot,A variation of Gingerbread Latte.,0.2527176792695191,0.6764111983180832,0.2229692885858306,0.5850976813110635,3,400,8,intermediate,"[""espresso_machine"", ""grinder"", ""milk_frother""]","{""coffee_beans"": ""18g"", ""whole_milk"": ""280ml"", ""vanilla_syrup"": ""20ml"", ""cinnamon"": ""2g"", ""whipped_cream"": ""30g""}","[""specialty"", ""seasonal"", ""hot""]"
recipe_black_eye_with_cinnamon_128,Black Eye with Cinnamon,A variation of Black Eye.,0.7668812520455873,0.1069120716029341,0.5380066542687927,0.8614605687057534,5,380,6,intermediate,"[""espresso_machine"", ""grinder"", ""pour_over"", ""kettle""]","{""coffee_beans"": ""58g"", ""water"": ""350ml"", ""cinnamon"": ""2g""}","[""specialty"", ""high_caffeine"", ""hot""]"
recipe_dalgona_coffee_decaf_129,Dalgona Coffee Decaf,A variation of Dalgona Coffee.,0.3647663368565059,0.5910194293084271,0.2598388048328479,0.591026423770871,2,350,10,intermediate,"[""ice_maker""]","{""ground_coffee"": ""10g"", ""sugar"": ""10g"", ""water"": ""30ml"", ""whole_milk"": ""250ml"", ""ice"": ""100g""}","[""iced"", ""low_caffeine"", ""specialty""]"
recipe_mocha_large_130,Mocha Large,A variation of Mocha.,0.42605836278660564,0.686708060404231,0.1941228916335935,0.7914759521012037,3,525,7,intermediate,"[""espresso_machine"", ""grinder"", ""milk_frother""]","{""coffee_beans"": ""18g"", ""whole_milk"": ""200ml"", ""chocolate_syrup"": ""30ml"", ""whipped_cream"": ""30g""}","[""classic"", ""hot""]"
recipe_peppermint_mocha_with_extra_shot_131,Peppermint Mocha with Extra Shot,A variation of Peppermint Mocha.,0.2851763835962619,0.6258907301278589,0.08331919400758477,0.6160867779922412,4,400,8,intermediate,"[""espresso_machine"", ""grinder"", ""milk_frother""]","{""coffee_beans"": ""18g"", ""whole_milk"": ""250ml"", ""chocolate_syrup"": ""30ml"", ""vanilla_syrup"": ""15ml"", ""whipped_cream"": ""30g""}","[""specialty"", ""seasonal"", ""hot""]"
recipe_macchiato_large_132,Macchiato Large,A variation of Macchiato.,0.7357557966808712,0.20988950409709262,0.5044608748355397,0.9163843066133845,4,67,4,intermediate,"[""espresso_machine"", ""grinder"", ""milk_frother""]","{""coffee_beans"": ""18g"", ""whole_milk"": ""15ml""}","[""quick"", ""classic"", ""hot""]"
recipe_iced_mocha_decaf_133,Iced Mocha Decaf,A variation of Iced Mocha.,0.31152724165964374,0.7676792944784698,0.20460633292170546,0.5581300888086269,2,400,5,beginner,"[""espresso_machine"", ""grinder"", ""ice_maker""]","{""coffee_beans"": ""18g"", ""whole_milk"": ""200ml"", ""chocolate_syrup"": ""30ml"", ""ice"": ""100g"", ""whipped_cream"": ""30g""}","[""iced"", ""low_caffeine"", ""classic""]"
recipe_coconut_milk_iced_latte_with_extra_shot_134,Coconut Milk Iced Latte with Extra Shot,A variation of Coconut Milk Iced Latte.,0.2759731743717492,0.30559330731331735,0.23209916559627855,0.54017925096893,3,400,4,beginner,"[""espresso_machine"", ""grinder"", ""ice_maker""]","{""coffee_beans"": ""18g"", ""coconut_milk"": ""250ml"", ""ice"": ""100g""}","[""iced"", ""vegan"", ""specialty""]"
recipe_latte_sugar-free_135,Latte Sugar-Free,A variation of Latte.,0.280890924231148,0.41964137341299595,0.19797280304212328,0.6237348544231601,2,300,5,intermediate,"[""espresso_machine"", ""grinder"", ""milk_frother""]","{""coffee_beans"": ""18g"", ""whole_milk"": ""250ml""}","[""sugar_free"", ""classic"", ""hot""]"
recipe_oat_milk_latte_decaf_136,Oat Milk Latte Decaf,A variation of Oat Milk Latte.,0.25845470870762344,0.44641484957842426,0.21974996435956345,0.5233049880813223,1,350,5,intermediate,"[""espresso_machine"", ""grinder"", ""milk_frother""]","{""coffee_beans"": ""18g"", ""oat_milk"": ""280ml""}","[""specialty"", ""low_caffeine"", ""vegan"", ""hot""]"
recipe_cortado_sugar-free_137,Cortado Sugar-Free,A variation of Cortado.,0.5672858361656222,0.32139452203474583,0.2905377829531797,0.716433100114124,4,120,4,intermediate,"[""espresso_machine"", ""grinder"", ""milk_frother""]","{""coffee_beans"": ""18g"", ""whole_milk"": ""60ml""}","[""specialty"", ""sugar_free"", ""hot""]"
recipe_irish_coffee_with_cinnamon_138,Irish Coffee with Cinnamon,A variation of Irish Coffee.,0.5160330827764084,0.48286069245678104,0.2261571091577134,0.7533611208285991,3,250,8,intermediate,"[""french_press"", ""grinder"", ""kettle""]","{""coffee_beans"": ""25g"", ""brown_sugar"": ""10g"", ""heavy_cream"": ""30ml"", ""cinnamon"": ""2g""}","[""specialty"", ""seasonal"", ""hot""]"
recipe_peppermint_mocha_with_cinnamon_139,Peppermint Mocha with Cinnamon,A variation of Peppermint Mocha.,0.4057296222288688,0.7191688556591235,0.19344312348983275,0.6674387947023148,3,400,8,intermediate,"[""espresso_machine"", ""grinder"", ""milk_frother""]","{""coffee_beans"": ""18g"", ""whole_milk"": ""250ml"", ""chocolate_syrup"": ""30ml"", ""vanilla_syrup"": ""15ml"", ""whipped_cream"": ""30g"", ""cinnamon"": ""2g""}","[""specialty"", ""seasonal"", ""hot""]"
recipe_aeropress_decaf_140,AeroPress Decaf,A variation of AeroPress.,0.6538490264526877,0.15346905675663894,0.5080095296658538,0.7038120078733193,3,200,4,intermediate,"[""aeropress"", ""grinder"", ""kettle"", ""scale""]","{""coffee_beans"": ""17g"", ""water"": ""220ml""}","[""specialty"", ""low_caffeine"", ""quick"", ""hot""]"
recipe_oat_milk_latte_sugar-free_141,Oat Milk Latte Sugar-Free,A variation of Oat Milk Latte.,0.3666535186309127,0.3987068576023072,0.26569541057287765,0.5083315597025297,2,350,5,intermediate,"[""espresso_machine"", ""grinder"", ""milk_frother""]","{""coffee_beans"": ""18g"", ""oat_milk"": ""280ml""}","[""specialty"", ""sugar_free"", ""vegan"", ""hot""]"
recipe_cinnamon_dolce_latte_decaf_142,Cinnamon Dolce Latte Decaf,A variation of Cinnamon Dolce Latte.,0.1963508282004354,0.5941307943505196,0.17706623575303337,0.5353404206675619,1,350,7,intermediate,"[""espresso_machine"", ""grinder"", ""milk_frother""]","{""coffee_beans"": ""18g"", ""whole_milk"": ""280ml"", ""brown_sugar"": ""15g"", ""cinnamon"": ""2g"", ""whipped_cream"": ""20g""}","[""specialty"", ""low_caffeine"", ""hot""]"
recipe_shakerato_large_143,Shakerato Large,A variation of Shakerato.,0.705299668495365,0.25189544418291865,0.46738542262254784,0.5796460881824838,4,180,4,intermediate,"[""espresso_machine"", ""grinder"", ""ice_maker""]","{""coffee_beans"": ""18g"", ""ice"": ""100g"", ""sugar"": ""10g""}","[""iced"", ""quick"", ""specialty""]"
recipe_vienna_coffee_large_144,Vienna Coffee Large,A variation of Vienna Coffee.,0.5592662824707691,0.5309585558487697,0.3330370758057992,0.7531925766367179,4,375,6,intermediate,"[""espresso_machine"", ""grinder""]","{""coffee_beans"": ""18g"", ""whipped_cream"": ""50g""}","[""specialty"", ""classic"", ""hot""]"
recipe_moka_pot_with_extra_shot_145,Moka Pot with Extra Shot,A variation of Moka Pot.,0.7503169531181134,0.22988368632979161,0.46115398713126377,0.9716607253303087,5,100,8,beginner,"[""moka_pot""]","{""ground_coffee"": ""20g"", ""water"": ""150ml""}","[""high_caffeine"", ""classic"", ""hot""]"
recipe_iced_latte_decaf_146,Iced Latte Decaf,A variation of Iced Latte.,0.3790388547664898,0.3471608402803654,0.2414796209417898,0.46102588016372903,1,400,4,beginner,"[""espresso_machine"", ""grinder"", ""ice_maker""]","{""coffee_beans"": ""18g"", ""whole_milk"": ""250ml"", ""ice"": ""100g""}","[""iced"", ""low_caffeine"", ""classic""]"
recipe_cappuccino_large_147,Cappuccino Large,A variation of Cappuccino.,0.4574231405407116,0.33327926181567147,0.3542643502222955,0.7183265703618614,3,270,5,intermediate,"[""espresso_machine"", ""grinder"", ""milk_frother""]","{""coffee_beans"": ""18g"", ""whole_milk"": ""120ml""}","[""classic"", ""hot""]"
recipe_double_espresso_with_cinnamon_148,Double Espresso with Cinnamon,A variation of Double Espresso.,0.8726982789654347,0.08456634722267937,0.5467773562732574,0.8584296957892438,5,60,4,intermediate,"[""espresso_machine"", ""grinder""]","{""coffee_beans"": ""36g"", ""cinnamon"": ""2g""}","[""high_caffeine"", ""classic"", ""hot""]"
recipe_oat_milk_mocha_decaf_149,Oat Milk Mocha Decaf,A variation of Oat Milk Mocha.,0.2504594002438001,0.5752469584886397,0.26819311149069547,0.6447592490985843,2,400,7,intermediate,"[""espresso_machine"", ""grinder"", ""milk_frother""]","{""coffee_beans"": ""18g"", ""oat_milk"": ""250ml"", ""chocolate_syrup"": ""30ml""}","[""specialty"", ""low_caffeine"", ""vegan"", ""hot""]"
